{
  "0": {
    "IMU": "0",
    "reference": true,
    "gyroscope": {
      "bias": {
        "x": -12.201741039999286,
        "y": -2.520911513333225,
        "z": -0.37000668666667946
      },
      "sensitivity": {
        "x": 1,
        "y": 1,
        "z": 1
      },
      "min": {
        "x": 0,
        "y": 0,
        "z": 0
      },
      "max": {
        "x": 0,
        "y": 0,
        "z": 0
      }
    },
    "accelerometer": {
      "bias": {
        "x": 0.952087632928955,
        "y": 1.653491894859265,
        "z": -1.3058561342794999
      },
      "sensitivity": {
        "x": 10.300522410768254,
        "y": 5.9310844102049325,
        "z": 7.510015646104054
      },
      "min": {
        "x": 0,
        "y": 0,
        "z": -2.6117122685589997
      },
      "max": {
        "x": 1.90417526585791,
        "y": 3.30698378971853,
        "z": 0
      }
    },
    "magnetometer": {
      "A": [
        [
          0.004067285481791768,
          -2.904707970173169e-05,
          -1.9262705274657465e-05
        ],
        [
          -2.9047079701731365e-05,
          0.004163768905400892,
          6.012134439743846e-05
        ],
        [
          -1.9262705274657384e-05,
          6.012134439743878e-05,
          0.003899080310580987
        ]
      ],
      "b": [
        [
          214.90448952105214
        ],
        [
          177.72107327113224
        ],
        [
          -105.40162369846297
        ]
      ]
    }
  },
  "1": {
    "IMU": "1",
    "reference": false,
    "gyroscope": {
      "bias": {
        "x": -1.114813233333345,
        "y": -1.8408846933334007,
        "z": -0.7602482399999972
      },
      "sensitivity": {
        "x": 1,
        "y": 1,
        "z": 1
      },
      "min": {
        "x": 0,
        "y": 0,
        "z": 0
      },
      "max": {
        "x": 0,
        "y": 0,
        "z": 0
      }
    },
    "accelerometer": {
      "bias": {
        "x": -8.354366000164822,
        "y": 0.8798382784894677,
        "z": -1.4334795703059335
      },
      "sensitivity": {
        "x": 1.173877227764084,
        "y": 11.146366599140181,
        "z": 6.8413950244906445
      },
      "min": {
        "x": -16.708732000329643,
        "y": 0,
        "z": -2.866959140611867
      },
      "max": {
        "x": 0,
        "y": 1.7596765569789354,
        "z": 0
      }
    },
    "magnetometer": {
      "A": [
        [
          0.0040895317250004126,
          -2.9145989024169575e-06,
          -4.543784014621145e-05
        ],
        [
          9.424099136451066e-07,
          0.004112962450753283,
          -2.552420846040182e-05
        ],
        [
          -2.2301730484576733e-05,
          0.00012159447465261002,
          0.003908295236193824
        ]
      ],
      "b": [
        -0.4644094031879085,
        -0.7922794659025356,
        0.5336313874212305
      ]
    }
  },
  "2": {
    "IMU": "2",
    "reference": false,
    "gyroscope": {
      "bias": {
        "x": -8.393097973333386,
        "y": -4.745866986666359,
        "z": -2.6714189599998144
      },
      "sensitivity": {
        "x": 1,
        "y": 1,
        "z": 1
      },
      "min": {
        "x": 0,
        "y": 0,
        "z": 0
      },
      "max": {
        "x": 0,
        "y": 0,
        "z": 0
      }
    },
    "accelerometer": {
      "bias": {
        "x": 0.3771491515434364,
        "y": 0.43088455802845516,
        "z": -0.9933652138734782
      },
      "sensitivity": {
        "x": 26.002975109094272,
        "y": 22.760156559967406,
        "z": 9.872501938898262
      },
      "min": {
        "x": 0,
        "y": 0,
        "z": -1.9867304277469564
      },
      "max": {
        "x": 0.7542983030868728,
        "y": 0.8617691160569103,
        "z": 0
      }
    },
    "magnetometer": {
      "A": [
        [
          0.004090256930853021,
          1.1247638964784955e-05,
          -1.8005366059648727e-05
        ],
        [
          7.029454559222018e-05,
          0.004087828697836868,
          1.4398318993541387e-05
        ],
        [
          -3.793553237662668e-06,
          0.00015557430558842578,
          0.00393884716660022
        ]
      ],
      "b": [
        -0.6215270309737606,
        -0.8049129146651163,
        1.056480104282841
      ]
    }
  }
}