{
  "0": {
    "IMU": "0",
    "reference": true,
    "gyroscope": {
      "bias": {
        "x": -12.201741039999286,
        "y": -2.520911513333225,
        "z": -0.37000668666667946
      },
      "sensitivity": {
        "x": 1,
        "y": 1,
        "z": 1
      },
      "min": {
        "x": 0,
        "y": 0,
        "z": 0
      },
      "max": {
        "x": 0,
        "y": 0,
        "z": 0
      }
    },
    "accelerometer": {
      "bias": {
        "x": 0.952087632928955,
        "y": 1.653491894859265,
        "z": -1.3058561342794999
      },
      "sensitivity": {
        "x": 10.300522410768254,
        "y": 5.9310844102049325,
        "z": 7.510015646104054
      },
      "min": {
        "x": 0,
        "y": 0,
        "z": -2.6117122685589997
      },
      "max": {
        "x": 1.90417526585791,
        "y": 3.30698378971853,
        "z": 0
      }
    },
    "magnetometer": {
      "A": [
        [
          0.022843636185037246,
          -0.00016275586201200466,
          -0.00010975743054515919
        ],
        [
          -0.00016275586201200355,
          0.023234813353420064,
          0.0003412517904133059
        ],
        [
          -0.00010975743054515895,
          0.00034125179041330646,
          0.022488477559658073
        ]
      ],
      "b": [
        [
          38.2640684173786
        ],
        [
          31.851155145437946
        ],
        [
          -18.27338713872681
        ]
      ]
    }
  },
  "1": {
    "IMU": "1",
    "reference": false,
    "gyroscope": {
      "bias": {
        "x": -1.114813233333345,
        "y": -1.8408846933334007,
        "z": -0.7602482399999972
      },
      "sensitivity": {
        "x": 1,
        "y": 1,
        "z": 1
      },
      "min": {
        "x": 0,
        "y": 0,
        "z": 0
      },
      "max": {
        "x": 0,
        "y": 0,
        "z": 0
      }
    },
    "accelerometer": {
      "bias": {
        "x": -8.354366000164822,
        "y": 0.8798382784894677,
        "z": -1.4334795703059335
      },
      "sensitivity": {
        "x": 1.173877227764084,
        "y": 11.146366599140181,
        "z": 6.8413950244906445
      },
      "min": {
        "x": -16.708732000329643,
        "y": 0,
        "z": -2.866959140611867
      },
      "max": {
        "x": 0,
        "y": 1.7596765569789354,
        "z": 0
      }
    },
    "magnetometer": {
      "A": [
        [
          0.022968574605728515,
          -1.6914441937737146e-05,
          -0.00026072345616224885
        ],
        [
          5.7004419067861235e-06,
          0.022951217688496752,
          -0.00015283410472698603
        ],
        [
          -0.00012679034753625826,
          0.0006841374606107887,
          0.022541512182816643
        ]
      ],
      "b": [
        -0.4643576499652017,
        -0.7924941873772074,
        0.5334234569590898
      ]
    }
  },
  "2": {
    "IMU": "2",
    "reference": false,
    "gyroscope": {
      "bias": {
        "x": -8.393097973333386,
        "y": -4.745866986666359,
        "z": -2.6714189599998144
      },
      "sensitivity": {
        "x": 1,
        "y": 1,
        "z": 1
      },
      "min": {
        "x": 0,
        "y": 0,
        "z": 0
      },
      "max": {
        "x": 0,
        "y": 0,
        "z": 0
      }
    },
    "accelerometer": {
      "bias": {
        "x": 0.3771491515434364,
        "y": 0.43088455802845516,
        "z": -0.9933652138734782
      },
      "sensitivity": {
        "x": 26.002975109094272,
        "y": 22.760156559967406,
        "z": 9.872501938898262
      },
      "min": {
        "x": 0,
        "y": 0,
        "z": -1.9867304277469564
      },
      "max": {
        "x": 0.7542983030868728,
        "y": 0.8617691160569103,
        "z": 0
      }
    },
    "magnetometer": {
      "A": [
        [
          0.02297264222239736,
          6.212268485928995e-05,
          -0.00010248292759340832
        ],
        [
          0.00039522353712991134,
          0.02281091920822657,
          7.742904728657009e-05
        ],
        [
          -2.2754278431691744e-05,
          0.000873674855343144,
          0.02271777084925187
        ]
      ],
      "b": [
        -0.6214463142602116,
        -0.8052612276261039,
        1.0562341780921882
      ]
    }
  }
}